Player,Class,Pos,Summary,Player-additional
Phil Jurkovec,SO,QB,205 Cmp 336 Att 2558 Yds 17 TD,phil-jurkovec-1
Dennis Grosel,JR,QB,37 Cmp 54 Att 568 Yds 6 TD,dennis-grosel-1
Sam Johnson III,FR,QB,,sam-johnson-iii-1
Andrew Landry,FR,QB,,andrew-landry-1
Daelen Menard,FR,QB,,daelen-menard-1
Matthew Rueve,FR,QB,,matthew-rueve-1
Matt Valecce,SO,QB,,matt-valecce-1
David Bailey,JR,RB,127 Att 503 Yds 4.0 Avg,david-bailey-4
Travis Levy,SR,RB,99 Att 321 Yds 3.2 Avg,travis-levy-1
Patrick Garwo,FR,RB,33 Att 122 Yds 3.7 Avg,patrick-garwo-1
Peter Stehr,SO,RB,,peter-stehr-1
Javian Dayne,SO,RB,,javian-dayne-1
Andre Hines,FR,RB,,andre-hines-1
Jackson Treister,FR,RB,,jackson-treister-1
Zay Flowers,SO,WR,56 Rec 892 Yds 15.9 Avg,zay-flowers-1
Jaelen Gill,SO,WR,29 Rec 435 Yds 15.0 Avg,jaelen-gill-1
CJ Lewis,JR,WR,28 Rec 460 Yds 16.4 Avg,cj-lewis-2
Jehlani Galloway,SO,WR,15 Rec 197 Yds 13.1 Avg,jehlani-galloway-1
Ethon Williams,SO,WR,1 Rec 9 Yds 9.0 Avg,ethon-williams-1
Justin Bellido,FR,WR,,justin-bellido-1
Taji Johnson,FR,WR,,taji-johnson-1
Noah Jordan-Williams,JR,WR,,noah-jordan-williams-1
Jacob Kraft,FR,WR,,jacob-kraft-1
Will Prouty,FR,WR,,will-prouty-1
Ezechiel Tieide,SO,WR,,ezechiel-tieide-1
Kobay White,SR,WR,,kobay-white-1
Hunter Long,JR,TE,57 Rec 685 Yds 12.0 Avg,hunter-long-3
Spencer Witter,FR,TE,6 Rec 68 Yds 11.3 Avg,spencer-witter-1
Tommy Birmingham,FR,TE,,tommy-birmingham-1
Danny Dalton,SR,TE,,danny-dalton-1
Charlie Gordinier,FR,TE,,charlie-gordinier-1
Hans Lillia,FR,TE,,hans-lillia-1
Joey Luchetti,SO,TE,,joey-luchetti-1
Ray Marten,,TE,,ray-marten-1
Drew McQuarrie,JR,TE,,drew-mcquarrie-1
Brendan Smith,SO,TE,,brendan-smith-2
Dwayne Allick,FR,OL,,dwayne-allick-1
Darius Bryan,FR,OL,,darius-bryan-1
Kevin Cline,FR,OL,,kevin-cline-1
Jack Conley,FR,OL,,jack-conley-1
Finn Dirstine,SO,OL,,finn-dirstine-1
Nate Emer,JR,OL,,nate-emer-1
Zion Johnson,SR,OL,,zion-johnson-1
Erik Larson,FR,OL,,erik-larson-1
Alec Lindstrom,JR,OL,,alec-lindstrom-1
Christian Mahogany,FR,OL,,christian-mahogany-1
Ben Petrula,SR,OL,,ben-petrula-1
Kevin Pyne,FR,OL,,kevin-pyne-1
Blerim Rustemi,FR,OL,,blerim-rustemi-1
Matthew Taylor,FR,OL,,matthew-taylor-1
Ozzy Trapilo,FR,OL,,ozzy-trapilo-1
Tyler Vrabel,SO,OL,,tyler-vrabel-1
Aaron Boumerhi,SR,K,,aaron-boumerhi-1
Danny Longman,JR,K,,danny-longman-1
Stephen Ruiz,SO,K,,stephen-ruiz-1
John Tessitore,SO,K,,john-tessitore-1
Brandon Barlow,SR,DL,,brandon-barlow-1
Luc Bequette,SR,DL,,luc-bequette-1
Dan Lonergan,SR,DL,,dan-lonergan-2
Bryce Morais,SR,DL,,bryce-morais-1
Mike Ciaffoni,FR,DL,,mike-ciaffoni-1
Izaiah Henderson,FR,DL,,izaiah-henderson-1
Hugh Davis,SO,LB,,hugh-davis-1
Nick DeNucci,SO,LB,,nick-denucci-1
John Lamot,SR,LB,,john-lamot-1
Isaiah McDuffie,JR,LB,,isaiah-mcduffie-1
Max Richardson,SR,LB,,max-richardson-2
Joseph Sparacio,SO,LB,,joseph-sparacio-1
Paul Theobald Jr.,JR,LB,,paul-theobald-jr-1
Jaylen Bailey,FR,LB,,jaylen-bailey-1
Vinny DePalma,SO,LB,,vinny-depalma-1
Thomas Hovsepian,JR,LB,,thomas-hovsepian-1
Joe Marinaro,FR,LB,,joe-marinaro-1
Korey Smith,FR,LB,,korey-smith-2
Reggie Terry Jr.,JR,LB,,reggie-terry-jr-1
Kam Arnold,FR,DB,,kam-arnold-1
Josh DeBerry,SO,DB,,josh-deberry-1
Connor Grieco,FR,DB,,connor-grieco-1
Tate Haynes,JR,DB,,tate-haynes-1
Deon Jones,SR,DB,,deon-jones-2
Elijah Jones,SO,DB,,elijah-jones-3
Steve Lubischer,FR,DB,,steve-lubischer-1
Jason Maitre,SO,DB,,jason-maitre-1
Jahmin Muse,JR,DB,,jahmin-muse-1
Mike Palmer,SR,DB,,mike-palmer-4
Brandon Sebastian,JR,DB,,brandon-sebastian-1
Jalen Williams,FR,DB,,jalen-williams-6
Nick Bearup,JR,DB,,nick-bearup-1
Denzel Blackwell,FR,DB,,denzel-blackwell-1
Tyler Days,SO,DB,,tyler-days-1
Jio Holmes,FR,DB,,jio-holmes-1
Jason Scott,FR,DB,,jason-scott-2
Bryce Sebastian,FR,DB,,bryce-sebastian-1
Teon Smith,FR,DB,,teon-smith-1
Grant Carlson,SR,P,,grant-carlson-1
Cam Horsley,FR,DT,,cam-horsley-1
Aidian Livingston,SO,LS,,aidian-livingston-1
Chibueze Onwuka,SR,DT,,chibueze-onwuka-1
TJ Rayam,SR,DT,,tj-rayam-1
Maximilian Roberts,SO,DE,,maximilian-roberts-1
Shitta Sillah,SO,DE,,shitta-sillah-1
Marcus Valdez,JR,DE,,marcus-valdez-1
Kyiev Bennermon,SO,DT,,kyiev-bennermon-1
Jaleel Berry,JR,DT,,jaleel-berry-1
Ryan Betro,SO,DT,,ryan-betro-1
Donovan Cahill,SR,LS,,donovan-cahill-1
Jackson Ness,FR,DE,,jackson-ness-1
Tito Pasqualoni,SO,LS,,tito-pasqualoni-1