Player,Class,Pos,Summary,Player-additional
Max Johnson,FR,QB,88 Cmp 150 Att 1069 Yds 8 TD,max-johnson-2
TJ Finley,FR,QB,80 Cmp 140 Att 941 Yds 5 TD,tj-finley-1
Myles Brennan,JR,QB,79 Cmp 131 Att 1112 Yds 11 TD,myles-brennan-1
AJ Aycock,SO,QB,,aj-aycock-1
Walker Kinney,FR,QB,,walker-kinney-1
Tyrion Davis-Price,SO,RB,104 Att 446 Yds 4.3 Avg,tyrion-davis-price-1
John Emery Jr.,SO,RB,75 Att 378 Yds 5.0 Avg,john-emery-jr-1
Chris Curry,SO,RB,45 Att 145 Yds 3.2 Avg,chris-curry-2
Josh Williams,FR,RB,22 Att 88 Yds 4.0 Avg,josh-williams-10
Tre Bradford,FR,RB,10 Att 58 Yds 5.8 Avg,tre-bradford-1
Corren Norman,FR,RB,,corren-norman-1
Keenen Dunn,SO,RB,,keenen-dunn-1
Terrace Marshall Jr.,JR,WR,48 Rec 731 Yds 15.2 Avg,terrace-marshall-jr-1
Kayshon Boutte,FR,WR,45 Rec 735 Yds 16.3 Avg,kayshon-boutte-1
Jaray Jenkins,SO,WR,23 Rec 397 Yds 17.3 Avg,jaray-jenkins-1
Koy Moore,FR,WR,22 Rec 177 Yds 8.0 Avg,koy-moore-1
Racey McMath,SR,WR,14 Rec 195 Yds 13.9 Avg,racey-mcmath-1
Jontre Kirklin,SR,WR,13 Rec 184 Yds 14.2 Avg,jontre-kirklin-1
Trey Palmer,SO,WR,10 Rec 108 Yds 10.8 Avg,trey-palmer-1
Alex Adams,FR,WR,1 Rec 6 Yds 6.0 Avg,alex-adams-1
Evan Francioni,SO,WR,,evan-francioni-1
Ja'Marr Chase,JR,WR,,jamarr-chase-1
Nick Demas,FR,WR,,nick-demas-1
Jack Jackson,FR,WR,,jack-jackson-4
Ethan Laing,FR,WR,,ethan-laing-1
Michael Martin,SO,WR,,michael-martin-5
Nick Rocha,FR,WR,,nick-rocha-1
Arik Gilbert,FR,TE,35 Rec 368 Yds 10.5 Avg,arik-gilbert-1
Kole Taylor,FR,TE,6 Rec 36 Yds 6.0 Avg,kole-taylor-1
Nick Storz,SO,TE,,nick-storz-1
Charlie Drost,FR,TE,,charlie-drost-1
Brandon Hubicz,FR,TE,,brandon-hubicz-1
Stephen King,SO,TE,,stephen-king-2
Jack Mashburn,FR,TE,,jack-mashburn-1
Jansen Mayea,SO,TE,,jansen-mayea-1
Aaron Moffitt,JR,TE,,aaron-moffitt-1
Jamal Pettigrew,SR,TE,,jamal-pettigrew-1
Joseph Evans,FR,OL,,joseph-evans-1
Jace Benoit,FR,OL,,jace-benoit-1
Anthony Bradford,FR,OL,,anthony-bradford-1
Austin Deculus,SR,OL,,austin-deculus-1
Marcus Dumervil,FR,OL,,marcus-dumervil-1
Austin Harden,FR,OL,,austin-harden-1
Xavier Hill,FR,OL,,xavier-hill-1
Riley Lawrence,FR,OL,,riley-lawrence-1
Marlon Martinez,FR,OL,,marlon-martinez-1
Spencer Payne,FR,OL,,spencer-payne-1
Thomas Perry,FR,OL,,thomas-perry-3
Liam Shanahan,SR,OL,,liam-shanahan-1
Kardell Thomas,FR,OL,,kardell-thomas-1
Charles Turner,FR,OL,,charles-turner-2
Ali Gaye,JR,DL,,ali-gaye-1
Jaquelin Roy,FR,DL,,jaquelin-roy-1
Jacobian Guillory,FR,DL,,jacobian-guillory-1
Nelson Jenkins III,SO,DL,,nelson-jenkins-iii-1
Eric Taylor,FR,DL,,eric-taylor-2
Andre Anthony,SR,LB,,andre-anthony-1
Micah Baskerville,JR,LB,,micah-baskerville-1
Damone Clark,JR,LB,,damone-clark-1
Jabril Cox,SR,LB,,jabril-cox-1
Soni Fonua,JR,LB,,soni-fonua-1
Travez Moore,SR,LB,,travez-moore-1
BJ Ojulari,FR,LB,,bj-ojulari-1
Rahssan Thornton,SR,LB,,rahssan-thornton-1
Josh White,FR,LB,,josh-white-2
Aaron Benfield,FR,LB,,aaron-benfield-1
Hunter Faust,SO,LB,,hunter-faust-1
Devonta Lee,SO,LB,,devonta-lee-1
Desmond Little,FR,LB,,desmond-little-1
Isaiah Oubre,FR,LB,,isaiah-oubre-1
Ray Parker,FR,LB,,ray-parker-1
Antoine Sampah,FR,LB,,antoine-sampah-1
Jared Small,JR,LB,,jared-small-1
Carlton Smith,JR,LB,,carlton-smith-2
Dylan Thompson,FR,LB,,dylan-thompson-3
Phillip Webb,FR,LB,,phillip-webb-1
Sloan Wright,FR,LB,,sloan-wright-1
Zach Von Rosenberg,SR,P,,zach-von-rosenberg-1
Tory Carter,SR,FB,,tory-carter-1
Avery Atkins,JR,PK,,avery-atkins-2
Jarell Cherry,SO,DE,,jarell-cherry-1
Lloyd Cole,SR,CB,,lloyd-cole-1
Darren Evans,SR,CB,,darren-evans-2
Neil Farrell Jr.,SR,DE,,neil-farrell-jr-1
Neil Farrell Jr.,SR,DE,,neil-farrell-jr-1
Cordale Flott,SO,CB,,cordale-flott-1
Maurice Hampton Jr.,SO,S,,maurice-hampton-jr-1
Todd Harris Jr.,JR,S,,todd-harris-jr-1
Siaki Ika,SO,NT,,siaki-ika-1
Cameron Lewis,SR,S,,cameron-lewis-2
Glen Logan,SR,DE,,glen-logan-1
Dwight McGlothern,FR,CB,,dwight-mcglothern-1
Eli Ricks,FR,CB,,eli-ricks-1
Quentin Skinner,FR,LS,,quentin-skinner-1
JaCoby Stevens,SR,S,,jacoby-stevens-1
Derek Stingley Jr.,SO,CB,,derek-stingley-jr-1
Jordan Toles,FR,S,,jordan-toles-1
Jay Ward,SO,CB,,jay-ward-2
Cade York,SO,PK,,cade-york-1
Zaven Fountain,SO,S,,zaven-fountain-1
Chasen Hines,JR,G,,chasen-hines-1
Ed Ingram,JR,G,,ed-ingram-1
Raydarious Jones,FR,CB,,raydarious-jones-1
Ezekeal Mata,FR,PK,,ezekeal-mata-1
TK McLendon,JR,DE,,tk-mclendon-1
Jace Miller,FR,DE,,jace-miller-1
Max Peterson,FR,LS,,max-peterson-1
Dare Rosenthal,SO,T,,dare-rosenthal-1
Tyler Shelvin,JR,NT,,tyler-shelvin-1
Preston Stafford,SO,PK,,preston-stafford-2
Justin Thomas,JR,DE,,justin-thomas-7
Kary Vincent Jr.,SR,CB,,kary-vincent-jr-1
Cameron Wire,SO,T,,cameron-wire-1