Player,Class,Pos,Summary,Player-additional
Layne Hatcher,SO,QB,201 Cmp 341 Att 2423 Yds 19 TD,layne-hatcher-1
James Blackman,JR,QB,109 Cmp 183 Att 1344 Yds 8 TD,james-blackman-1
Wyatt Begeal,FR,QB,,wyatt-begeal-1
Carson Taumopeau,FR,QB,,carson-taumopeau-1
Allan Walters,SO,QB,,allan-walters-1
Lincoln Pare,FR,RB,107 Att 448 Yds 4.2 Avg,lincoln-pare-1
Johnnie Lang,JR,RB,65 Att 263 Yds 4.0 Avg,johnnie-lang-1
Alan Lamar,SR,RB,62 Att 231 Yds 3.7 Avg,alan-lamar-1
Marcel Murray,JR,RB,14 Att 105 Yds 7.5 Avg,marcel-murray-1
Josh Edwards,FR,RB,2 Att 1 Yds 0.5 Avg,josh-edwards-1
Isaiah Azubuike,SO,RB,,isaiah-azubuike-1
Bobby McMillian,FR,RB,,bobby-mcmillian-1
Anthony Price,FR,RB,,anthony-price-4
Corey Rucker,FR,WR,59 Rec 826 Yds 14.0 Avg,corey-rucker-1
Omari Walker,FR,WR,1 Rec 17 Yds 17.0 Avg,omari-walker-2
Te'Vailance Hunt,JR,WR,52 Rec 758 Yds 14.6 Avg,tevailance-hunt-2
Jeff Foreman,SO,WR,31 Rec 556 Yds 17.9 Avg,jeff-foreman-1
Dahu Green,SR,WR,19 Rec 296 Yds 15.6 Avg,dahu-green-1
Adam Jones,FR,WR,14 Rec 194 Yds 13.9 Avg,adam-jones-2
Reagan Ealy,FR,WR,10 Rec 119 Yds 11.9 Avg,reagan-ealy-1
Jack Combs,JR,WR,9 Rec 104 Yds 11.6 Avg,jack-combs-1
Akeem Hayes,FR,WR,5 Rec 56 Yds 11.2 Avg,akeem-hayes-1
David Clayton,FR,WR,1 Rec 12 Yds 12.0 Avg,david-clayton-1
Khyheem Waleed,FR,WR,1 Rec 7 Yds 7.0 Avg,khyheem-waleed-1
CJ Cage,FR,WR,,cj-cage-1
Leroy Deshazor,JR,WR,,leroy-deshazor-1
Javan Hawes,JR,WR,,javan-hawes-1
Seth Hayes,FR,WR,,seth-hayes-1
Jaden Milliner,FR,WR,,jaden-milliner-1
Antonio Ruiz,FR,WR,,antonio-ruiz-1
Reed Tyler,JR,TE,4 Rec 19 Yds 4.8 Avg,reed-tyler-1
Emmanual Stevenson,FR,TE,22 Rec 193 Yds 8.8 Avg,emmanual-stevenson-1
Seydou Traore,FR,TE,11 Rec 79 Yds 7.2 Avg,seydou-traore-1
Ross Painter,SR,TE,1 Rec 20 Yds 20.0 Avg,ross-painter-1
Reed Gautreaux,FR,TE,,reed-gautreaux-1
Thomas Vaughan,FR,TE,,thomas-vaughan-2
Andre Harris Jr.,JR,OL,,andre-harris-jr-1
Ivory Scott,SR,OL,,ivory-scott-1
Mekhi Butler,SO,OL,,mekhi-butler-1
Avery Demmons,JR,OL,,avery-demmons-1
Justin Dutton,JR,OL,,justin-dutton-1
Darrell Harden,FR,OL,,darrell-harden-1
Robert Holmes,JR,OL,,robert-holmes-1
Christian Hoz,SO,OL,,christian-hoz-1
Kyle Kelly,FR,OL,,kyle-kelly-3
Nick Lewis,FR,OL,,nick-lewis-1
Wyatt Luebke,JR,OL,,wyatt-luebke-1
Race May,FR,OL,,race-may-1
Ethan Miner,FR,OL,,ethan-miner-1
Ernesto Ramirez,JR,OL,,ernesto-ramirez-1
Nour-Eddine Seidnaly,SR,OL,,nour-eddine-seidnaly-1
Nason Simmons,FR,OL,,nason-simmons-1
Noah Smith,FR,OL,,noah-smith-2
Jacob Still,SR,OL,,jacob-still-1
Jared Summons,FR,OL,,jared-summons-1
Makilan Thomas,FR,OL,,makilan-thomas-1
Austin Woods,FR,OL,,austin-woods-2
Blake Grupe,JR,K,,blake-grupe-1
Aidan Ellison,FR,K,,aidan-ellison-1
Tristan Mattson,FR,K,,tristan-mattson-1
Kivon Bennett,JR,DL,,kivon-bennett-1
Torren Coppage-El,FR,DL,,torren-coppage-el-1
Terry Hampton,JR,DL,,terry-hampton-1
Tim Hardiman,FR,DL,,tim-hardiman-1
Quay Mays,JR,DL,,quay-mays-1
John Mincey,JR,DL,,john-mincey-1
Hunter Moreton,JR,DL,,hunter-moreton-1
Vidal Scott,JR,DL,,vidal-scott-1
JB Brown,FR,DL,,jb-brown-2
Deris Jackson,FR,DL,,deris-jackson-1
Charles McRae,SO,DL,,charles-mcrae-1
Jalil Muhammad,FR,DL,,jalil-muhammad-1
Elija Veasey,SO,DL,,elija-veasey-1
Jeffmario Brown,SR,LB,,jeffmario-brown-1
Derrick Bean,JR,LB,,derrick-bean-1
Caleb Bonner,SR,LB,,caleb-bonner-1
Jaden Harris,SO,LB,,jaden-harris-1
Eathan Hassler,FR,LB,,eathan-hassler-1
Fred Hervey,JR,LB,,fred-hervey-1
Dane Motley,FR,LB,,dane-motley-1
Isreal Whitmore,SO,LB,,isreal-whitmore-1
Charles Willekes,FR,LB,,charles-willekes-1
Andrew Agapos,FR,LB,,andrew-agapos-1
Carvin Duverge,JR,LB,,carvin-duverge-1
CJ Harris,FR,LB,,cj-harris-1
Gentry Miller,FR,LB,,gentry-miller-1
Vershaud Richardson,FR,LB,,vershaud-richardson-1
Tristan Shorter,FR,LB,,tristan-shorter-1
Perrish Cox III,FR,DB,,perrish-cox-iii-1
Quinton Lee,JR,DB,,quinton-lee-2
Corbet Mims,FR,DB,,corbet-mims-1
Ryan Hanson,FR,P,,ryan-hanson-1
Ryan Dadds,FR,P,,ryan-dadds-1
Jacob Enns,JR,P,,jacob-enns-1
Elery Alexander,SR,S,,elery-alexander-1
TW Ayers,SO,DE,,tw-ayers-1
Denzel Blackwell,FR,CB,,denzel-blackwell-1
Jack Bullard,FR,S,,jack-bullard-1
Taylon Doss,FR,CB,,taylon-doss-1
Booker Ficklin,JR,CB,,booker-ficklin-1
Antonio Fletcher,JR,S,,antonio-fletcher-1
Thurman Geathers,JR,DE,,thurman-geathers-1
Detravion Green,SO,S,,detravion-green-1
Kenneth Harris,FR,CB,,kenneth-harris-2
Cam Jeffery,FR,S,,cam-jeffery-1
Samy Johnson,SO,CB,,samy-johnson-1
Leon Jones,SO,CB,,leon-jones-2
JoJo Ozougwu,SR,DE,,jojo-ozougwu-1
Justin Parks,FR,S,,justin-parks-1
Jarius Reimonenq,SO,S,,jarius-reimonenq-1
Melique Straker,FR,CB,,melique-straker-1
Anthony Switzer,SO,S,,anthony-switzer-1
Trevian Thomas,FR,S,,trevian-thomas-1
Sosaia Tuitavake,SR,DE,,sosaia-tuitavake-1
Kam Turner,FR,CB,,kam-turner-1
DeQuan Ball,FR,DE,,dequan-ball-1
KaRon Coleman,FR,S,,karon-coleman-1
Antwon Fegans,FR,S,,antwon-fegans-1
Dennard Flowers,FR,DE,,dennard-flowers-1
Shai Kochav,FR,S,,shai-kochav-1
Caleb McCall,FR,S,,caleb-mccall-1
Arian Strong,JR,DE,,arian-strong-1