Player,Class,Pos,Summary,Player-additional
Carson Strong,JR,QB,366 Cmp 522 Att 4175 Yds 36 TD,carson-strong-1
Nate Cox,SR,QB,26 Cmp 43 Att 279 Yds 2 TD,nate-cox-1
Clay Millen,FR,QB,1 Cmp 2 Att 2 Yds 0 TD,clay-millen-1
Jacob Barlage,JR,QB,,jacob-barlage-1
Jonah Chong,SO,QB,,jonah-chong-1
Hamish McClure,JR,QB,,hamish-mcclure-1
Drew Scolari,FR,QB,,drew-scolari-1
Devonte Lee,SR,RB,85 Att 331 Yds 3.9 Avg,devonte-lee-1
Toa Taua,SR,RB,150 Att 732 Yds 4.9 Avg,toa-taua-1
Avery Morrow,SO,RB,11 Att 121 Yds 11.0 Avg,avery-morrow-1
Wesley Kommer,SO,RB,,wesley-kommer-1
Dylan Overstreet,FR,RB,3 Att 5 Yds 1.7 Avg,dylan-overstreet-1
Jacques Badolato-Birdsell,FR,RB,,jacques-badolato-birdsell-1
Ty Collins,FR,RB,,ty-collins-1
Terrell Johnson,SR,RB,,terrell-johnson-6
Tory Horton,SO,WR,52 Rec 659 Yds 12.7 Avg,tory-horton-1
Romeo Doubs,SR,WR,80 Rec 1109 Yds 13.9 Avg,romeo-doubs-1
Melquan Stovall,JR,WR,56 Rec 643 Yds 11.5 Avg,melquan-stovall-1
Jamaal Bell,SO,WR,14 Rec 119 Yds 8.5 Avg,jamaal-bell-1
Justin Lockhart,JR,WR,35 Rec 470 Yds 13.4 Avg,justin-lockhart-1
Elijah Cooks,SR,WR,13 Rec 157 Yds 12.1 Avg,elijah-cooks-1
Harry Ballard III,SR,WR,6 Rec 127 Yds 21.2 Avg,harry-ballard-iii-1
Tyrese Mack,FR,WR,2 Rec 27 Yds 13.5 Avg,tyrese-mack-2
Carson Walters,JR,WR,2 Rec 4 Yds 2.0 Avg,carson-walters-1
Jeshua Fixel,SO,WR,,jeshua-fixel-1
Jeremiah Gradowitz,SO,WR,,jeremiah-gradowitz-1
Dazure Paggett,FR,WR,,dazure-paggett-1
Aaron Smith,SO,WR,,aaron-smith-6
Cole Turner,SR,TE,62 Rec 677 Yds 10.9 Avg,cole-turner-2
Reagan Roberson,SR,TE,2 Rec 10 Yds 5.0 Avg,reagan-roberson-1
Crishaun Lappin,SR,TE,,crishaun-lappin-1
Carlton Brown III,FR,TE,,carlton-brown-iii-1
Evidence Njoku,SR,TE,,evidence-njoku-1
Travis Ward,FR,TE,,travis-ward-1
Gray Davis,SR,OL,,gray-davis-1
Drew Cannon,SR,OL,,drew-cannon-1
Donovan Carter,SO,OL,,donovan-carter-2
Dominic Eldridge,FR,OL,,dominic-eldridge-1
Aaron Frost,SR,OL,,aaron-frost-1
Jacob Gardner,SO,OL,,jacob-gardner-1
Trey Hamilton,JR,OL,,trey-hamilton-1
Trevyn Heil,FR,OL,,trevyn-heil-1
Moses Landis,SR,OL,,moses-landis-1
Jermaine Ledbetter,SR,OL,,jermaine-ledbetter-1
Andrew Madrigal,FR,OL,,andrew-madrigal-1
Jacob Nunez,FR,OL,,jacob-nunez-1
Tyler Orsini,SR,OL,,tyler-orsini-1
Frank Poso,SO,OL,,frank-poso-1
Grant Starck,SO,OL,,grant-starck-1
RJ Taylor,SO,OL,,rj-taylor-1
Dwight Togiola,FR,DL,,dwight-togiola-1
Peter Montini,SO,LB,,peter-montini-1
Davion Blackwell,SO,LB,,davion-blackwell-1
Josiah Bradley,JR,LB,,josiah-bradley-1
Brigden Craig,FR,LB,,brigden-craig-1
Lawson Hall,SR,LB,,lawson-hall-1
Daiyan Henley,SR,LB,,daiyan-henley-1
Tongiaki Mateialona,SO,LB,,tongiaki-mateialona-1
Trevor Price,SR,LB,,trevor-price-1
Lamin Touray,SR,LB,,lamin-touray-1
Drue Watts,FR,LB,,drue-watts-1
Adam Weynand,SO,LB,,adam-weynand-1
Mikael Bradford,SR,DB,,mikael-bradford-1
Chad Brown,SO,DB,,chad-brown-3
Zion Burns,FR,DB,,zion-burns-1
Avery Carrington,SO,DB,,avery-carrington-1
Jojuan Claiborne,SR,DB,,jojuan-claiborne-1
Jaden Dedman,JR,DB,,jaden-dedman-1
Jayce Godley,JR,DB,,jayce-godley-1
Devin Gunter,SO,DB,,devin-gunter-1
Emany Johnson,JR,DB,,emany-johnson-1
AJ King,SO,DB,,aj-king-2
Jordan Lee,SR,DB,,jordan-lee-1
Tyriq Mack,SR,DB,,tyriq-mack-1
Berdale Robins,SR,DB,,berdale-robins-1
Bentlee Sanders,SR,DB,,bentlee-sanders-1
Aedan Seiuli,FR,DB,,aedan-seiuli-1
Christian Swint,SR,DB,,christian-swint-1
Tyson Williams,SR,DB,,tyson-williams-2
Marquese Allen-Patmon,SO,DB,,marquese-allen-patmon-1
Micah Camat,SO,DB,,micah-camat-1
Micah Lilo,SO,DB,,micah-lilo-1
Zeke Robbins,JR,DB,,zeke-robbins-1
Richard Toney,FR,DB,,richard-toney-1
Kacee Williams,SO,DB,,kacee-williams-1
Paddy Turner,FR,P,,paddy-turner-1
Nick Barcelos,SO,LS,,nick-barcelos-1
Julian Diaz,SR,PK,,julian-diaz-1
Isaiah Essissima,JR,CB,,isaiah-essissima-1
Breylon Garcia,JR,DE,,breylon-garcia-1
Daniel Grzesiak,JR,DE,,daniel-grzesiak-1
Sam Hammond,SR,DE,,sam-hammond-1
Amir Johnson,SR,DT,,amir-johnson-1
Zach Lewis,FR,CB,,zach-lewis-3
Christopher Love,JR,DT,,christopher-love-1
Zak Mahannah,SR,DT,,zak-mahannah-1
Tristan Nichols,SR,DT,,tristan-nichols-1
Dom Peterson,SR,DT,,dom-peterson-1
Jack Powers,JR,DE,,jack-powers-2
Brandon Talton,JR,PK,,brandon-talton-1
Kameron Toomer,SR,DE,,kameron-toomer-1
Teivis Tuioti,SO,DT,,teivis-tuioti-1
Dion Washington,FR,DE,,dion-washington-1
Maurice Wilmer,SO,DT,,maurice-wilmer-1
Dorian Blackwell,FR,CB,,dorian-blackwell-1
Jeremiah Bodwin,FR,DE,,jeremiah-bodwin-1
Curtis Bonam,SO,DT,,curtis-bonam-1
Matt Freem,SR,PK,,matt-freem-3
Matthew Killam,SO,PK,,matthew-killam-1
Caleb Manson,FR,DE,,caleb-manson-1
Austin Ortega,JR,LS,,austin-ortega-1
Aaron Overton Jr.,SO,DT,,aaron-overton-jr-1
Isaiah Overton,FR,DE,,isaiah-overton-1
Thomas Witte,SO,DT,,thomas-witte-1