Player,Class,Pos,Summary,Player-additional
Tai Lavatai,SO,QB,34 Cmp 61 Att 449 Yds 5 TD,tai-lavatai-1
Xavier Arline,SO,QB,7 Cmp 18 Att 142 Yds 1 TD,xavier-arline-1
Maasai Maynor,JR,QB,6 Cmp 13 Att 74 Yds 0 TD,maasai-maynor-1
Zachary Branam,FR,QB,,zachary-branam-1
Cam Jordan,FR,QB,,cam-jordan-1
Isaiah Knowles,FR,QB,,isaiah-knowles-1
Luke Morley,FR,QB,,luke-morley-1
Jayden Umbarger,SO,WR,6 Rec 60 Yds 10.0 Avg,jayden-umbarger-1
Mychal Cooper,SR,WR,11 Rec 219 Yds 19.9 Avg,mychal-cooper-1
Mark Walker,JR,WR,7 Rec 63 Yds 9.0 Avg,mark-walker-5
Marcell Gleaton,SR,WR,,marcell-gleaton-1
Martel Carruthers,FR,WR,,martel-carruthers-1
Christian Hutchinson,JR,WR,,christian-hutchinson-1
Zachary Kuhlman,JR,WR,,zachary-kuhlman-1
Cal Long,SR,WR,,cal-long-1
John Meagher,SO,WR,,john-meagher-1
Michael Naze,JR,WR,,michael-naze-1
Dashaun Peele,FR,WR,,dashaun-peele-1
Matthew Peters,SO,WR,,matthew-peters-1
Michael Salisbury,SR,WR,,michael-salisbury-1
Regis Velez,FR,WR,,regis-velez-1
Camari Williams,SO,WR,,camari-williams-1
Bijan Nichols,JR,K,,bijan-nichols-1
Kevin Thibodeaux,SO,K,,kevin-thibodeaux-1
Evan Warren,SO,K,,evan-warren-1
Diego Fagot,SR,LB,,diego-fagot-1
Terrell Adams,JR,LB,,terrell-adams-1
Marcus Bleazard,FR,LB,,marcus-bleazard-1
Tyler Fletcher,FR,LB,,tyler-fletcher-1
Will Harbour,SO,LB,,will-harbour-1
Johnny Hodges,JR,LB,,johnny-hodges-1
John Kelly III,SR,LB,,john-kelly-lll-1
John Marshall,JR,LB,,john-marshall-2
Xavier McDonald,SO,LB,,xavier-mcdonald-1
Colin Ramos,FR,LB,,colin-ramos-1
Max Sandlin,JR,LB,,max-sandlin-1
Nick Straw,JR,LB,,nick-straw-1
Jianni Woodson-Brooks,FR,LB,,jianni-woodson-brooks-1
Jared Behrens,FR,LB,,jared-behrens-1
JD Bengeston,FR,LB,,jd-bengeston-1
Jackson Boyer,SO,LB,,jackson-boyer-2
Chaisen Buckner,SO,LB,,chaisen-buckner-1
Khalil Crawford,SO,LB,,khalil-crawford-1
Ajani Cuevas-Gillis,SO,LB,,ajani-cuevas-gillis-1
Aaron Davis,SO,LB,,aaron-davis-9
RJ Davis,FR,LB,,rj-davis-1
D.J. Donovan,FR,LB,,dj-donovan-1
Tausili Fiatoa,SO,LB,,tausili-fiatoa-1
Keandre' Harper,SO,LB,,keandre-harper-1
Kyle Jacob,FR,LB,,kyle-jacob-3
Trace Jewell,FR,LB,,trace-jewell-1
Mitchell Johns,SR,LB,,mitchell-johns-1
Semaj Johnson,FR,LB,,semaj-johnson-1
Akalea Kapono,SO,LB,,akalea-kapono-1
Elijah Perry,FR,LB,,elijah-perry-2
Nazir Rogers,FR,LB,,nazir-rogers-1
Jordan Sanders,FR,LB,,jordan-sanders-1
Thomas Scully,FR,LB,,thomas-scully-1
Trent Shiraki,JR,LB,,trent-shiraki-1
Turner Stepp,FR,LB,,turner-stepp-1
Luke Thiemann,FR,LB,,luke-thiemann-1
Tama Tuitele,JR,LB,,tama-tuitele-1
Patrick Turner,FR,LB,,patrick-turner-2
Riley Riethman,FR,P,,riley-riethman-1
Kellen Grave-De,FR,P,,kellen-grave-de-1
Duke Paane,SO,P,,duke-paane-1
Daniel Davies,JR,P,,daniel-davies-1
Ben Fee,SR,P,,ben-fee-1
Chance Warren,SR,SB,,chance-warren-1
Tyger Goslin,SR,SB,,tyger-goslin-1
Isaac Ruoss,SR,FB,,isaac-ruoss-1
James Harris II,SR,FB,,james-harris-ll-1
Carlinos Acie,SR,SB,,carlinos-acie-1
Kai Puailoa-Rojas,SO,SB,,kai-puailoa-rojas-2
Daniel Jones,SO,SB,,daniel-jones-5
Maquel Haywood,FR,SB,,maquel-haywood-1
Anton Hall,FR,FB,,anton-hall-1
Michael Mauai,JR,SB,,michael-mauai-1
Joshua Adams,JR,S,,joshua-adams-2
Donald Berniard Jr.,SO,G,,donald-berniard-jr-1
Kevin Brennan,SR,S,,kevin-brennan-2
Jacob Busic,SO,DE,,jacob-busic-1
Willie Collins V,SO,S,,willie-collins-v-1
Clay Cromwell,SO,DE,,clay-cromwell-1
Eavan Gibbons,SO,S,,eavan-gibbons-1
Jamal Glenn,SR,CB,,jamal-glenn-1
Amir Hassan,FR,SB,,amir-hassan-1
Rayuan Lane,FR,S,,rayuan-lane-1
Elias Larry,FR,CB,,elias-larry-1
Michael McMorris,SR,CB,,michael-mcmorris-1
Max Meeuwsen,SO,DE,,max-meeuwsen-1
Marcus Moore,SO,S,,marcus-moore-3
Colin O'Connor,SO,S,,colin-oconnor-1
Justin Reed,FR,DE,,justin-reed-3
Taylor Robinson,JR,S,,taylor-robinson-2
Ebissa Sambo,JR,CB,,ebissa-sambo-1
Daniel Taylor,SR,SB,,daniel-taylor-2
Vincent Terrell II,SO,SB,,vincent-terrell-ii-1
Bryce Texeira,SR,T,,bryce-texeira-1
Jay Warren,SR,DT,,jay-warren-2
Mitchell West,SR,S,,mitchell-west-1
Deondrae Williams,SR,DT,,deondrae-williams-1
Mbiti Williams,FR,CB,,mbiti-williams-1
John Amell,JR,DE,,john-amell-1
Derek Atwaters,JR,S,,derek-atwaters-1
Pierce Banbury,SR,C,,pierce-banbury-1
Nolan Barber,FR,DE,,nolan-barber-1
Nick Bernacchi,SR,G,,nick-bernacchi-1
Javan Bouton,FR,T,,javan-bouton-1
Ahmad Bradley,SO,G,,ahmad-bradley-1
John Brand,JR,DT,,john-brand-1
Evan Brown,FR,T,,evan-brown-4
Titan Case,FR,SB,,titan-case-1
Caleb Clear,SR,CB,,caleb-clear-1
Luke Coleman,JR,C,,luke-coleman-1
Mattie Conlon,SR,G,,mattie-conlon-1
Jake Cossavella,JR,T,,jake-cossavella-1
Trey Cummings,FR,G,,trey-cummings-1
Anthony D'Angelo,FR,T,,anthony-dangelo-2
Cameren Dalrymple,FR,SB,,cameren-dalrymple-1
Dabe Fofana,FR,FB,,dabe-fofana-1
Creedyn Foulger,FR,DE,,creedyn-foulger-1
Kip Frankland,JR,T,,kip-frankland-1
Randy Franklin,FR,S,,randy-franklin-1
Tyler Gaskin,FR,CB,,tyler-gaskin-1
Sam Glover,SO,T,,sam-glover-1
Dre Grace,SO,CB,,dre-grace-1
Daniel Green,FR,DT,,daniel-green-4
Jacob Greenwood,SO,DE,,jacob-greenwood-1
Pryson Greer,SO,DT,,pryson-greer-1
Sean Harris,FR,G,,sean-harris-2
David Hixon,FR,T,,david-hixon-1
Alex Howard,FR,T,,alex-howard-1
Colby Jacques,JR,SB,,colby-jacques-1
Brandon Johnson,FR,G,,brandon-johnson-15
Semari Johnson,FR,DE,,semari-johnson-1
Sky Lactaoen,FR,FB,,sky-lactaoen-1
Kamron Love,SO,CB,,kamron-love-1
Thomas Marshall,FR,FB,,thomas-marshall-2
Darrellson Masaniai,SO,C,,darrellson-masaniai-1
Cephas McKinney,FR,SB,,cephas-mckinney-1
Connor McMahon,FR,T,,connor-mcmahon-1
Brandon Moore,JR,G,,brandon-moore-7
Declan Moriarty,FR,G,,declan-moriarty-1
Lirion Murtezi,SO,G,,lirion-murtezi-1
Kroy Myers,FR,SB,,kroy-myers-1
Ethan Nguyen,FR,LS,,ethan-nguyen-1
Chike Otaluka,SR,SB,,chike-otaluka-1
Joshua Pena,SO,G,,joshua-pena-1
Mike Petrof,SO,DT,,mike-petrof-2
Joseph Petti,JR,T,,joseph-petti-1
Logan Point,FR,FB,,logan-point-1
Jacobi Rice,JR,DT,,jacobi-rice-1
Romaine Robinson,SO,CB,,romaine-robinson-1
Ari Rodriguez,SO,G,,ari-rodriguez-1
Kai Puailoa Rojas,SO,SB,,kai-puailoa-rojas-1
Jamie Romo,JR,T,,jamie-romo-1
Nicolas Rowan,JR,G,,nicolas-rowan-1
Sio Saipaia,JR,G,,sio-saipaia-1
Brent Self,FR,T,,brent-self-1
Cameron Smith,FR,SB,,cameron-smith-9
Chris Smith,JR,FB,,chris-smith-23
Campbell Speights,FR,SB,,campbell-speights-1
Wyatt Terlaak,SO,G,,wyatt-terlaak-1
Malcolm Terry II,SO,FB,,malcolm-terry-ii-1
Michael Whitehouse,FR,DE,,michael-whitehouse-1
Cole Williams,SO,LS,,cole-williams-2
Jaden Young,FR,DE,,jaden-young-1