Player,Class,Pos,Summary,Player-additional
Will Levis,JR,QB,233 Cmp 353 Att 2826 Yds 24 TD,will-levis-1
Beau Allen,SO,QB,8 Cmp 12 Att 92 Yds 0 TD,beau-allen-2
Patrick Delahunty,JR,QB,,patrick-delahunty-1
Nik Scalzo,SO,QB,,nik-scalzo-1
Kaiya Sheron,FR,QB,,kaiya-sheron-1
Christopher Rodriguez Jr.,JR,RB,225 Att 1378 Yds 6.1 Avg,christopher-rodriguez-jr-1
Kavosiey Smoke,JR,RB,81 Att 416 Yds 5.1 Avg,kavosiey-smoke-1
Jutahn McClain,SO,RB,34 Att 165 Yds 4.9 Avg,jutahn-mcclain-1
La'Vell Wright,FR,RB,9 Att 118 Yds 13.1 Avg,lavell-wright-1
Tyler Markray,JR,RB,2 Att 10 Yds 5.0 Avg,tyler-markray-1
Travis Tisdale,SO,RB,1 Att 4 Yds 4.0 Avg,travis-tisdale-1
Torrance Davis,SO,RB,,torrance-davis-1
Chaucey Magwood,FR,WR,1 Rec 17 Yds 17.0 Avg,chaucey-magwood-1
Wan'Dale Robinson,JR,WR,104 Rec 1334 Yds 12.8 Avg,wandale-robinson-1
Michael Drennen II,SO,WR,2 Rec 3 Yds 1.5 Avg,michael-drennen-ii-1
Josh Ali,SR,WR,41 Rec 601 Yds 14.7 Avg,josh-ali-1
Izayah Cummings,SO,WR,14 Rec 195 Yds 13.9 Avg,izayah-cummings-1
DeMarcus Harris,SO,WR,12 Rec 150 Yds 12.5 Avg,demarcus-harris-1
Isaiah Epps,SR,WR,11 Rec 171 Yds 15.5 Avg,isaiah-epps-1
Rashaan Lewis,JR,WR,2 Rec 4 Yds 2.0 Avg,rashaan-lewis-1
Tae Tae Crumes,SO,WR,1 Rec 10 Yds 10.0 Avg,tae-tae-crumes-1
Kaleb Cheek,SO,WR,,kaleb-cheek-1
Dekel Crowdus,FR,WR,,dekel-crowdus-1
Trey Dennis,FR,WR,,trey-dennis-1
Darren Edmond,SR,WR,,darren-edmond-1
Luke Leeper,SO,WR,,luke-leeper-1
Chris Lewis,FR,WR,,chris-lewis-7
Tre'von Morgan,SO,WR,,trevon-morgan-1
Devonte Ross,FR,WR,,devonte-ross-1
Earnest Sanders IV,FR,WR,,earnest-sanders-iv-1
Clevan Thomas,SR,WR,,clevan-thomas-2
Justin Rigg,SR,TE,20 Rec 189 Yds 9.5 Avg,justin-rigg-1
Brenden Bates,JR,TE,11 Rec 70 Yds 6.4 Avg,brenden-bates-1
Jordan Dingle,FR,TE,2 Rec 54 Yds 27.0 Avg,jordan-dingle-1
Parker Estes,FR,TE,,parker-estes-1
Keaton Upshaw,JR,TE,,keaton-upshaw-1
Jai Williams,FR,TE,,jai-williams-2
Jonathan Berry,FR,OL,,jonathan-berry-2
Jager Burton,FR,OL,,jager-burton-1
Jeremy Flax,SO,OL,,jeremy-flax-1
Josh Jones,FR,OL,,josh-jones-6
Lucas Padgett,FR,OL,,lucas-padgett-1
Jake Pope,SO,OL,,jake-pope-1
Paul Rodriguez,FR,OL,,paul-rodriguez-2
Dare Rosenthal,JR,OL,,dare-rosenthal-1
David Wohlabaugh Jr.,FR,OL,,david-wohlabaugh-jr-1
Chance Poore,JR,K,,chance-poore-1
Matt Ruffolo,SR,K,,matt-ruffolo-1
Graham Wald,SO,K,,graham-wald-1
Josaih Hayes,SO,DL,,josaih-hayes-1
Justin Rogers,SO,DL,,justin-rogers-4
Tre'Vonn Rybka,FR,DL,,trevonn-rybka-1
Kahlil Saunders,FR,DL,,kahlil-saunders-1
Isaiah Beasley,SO,DL,,isaiah-beasley-1
Marquez Bembry,SR,LB,,marquez-bembry-1
Jared Casey,SO,LB,,jared-casey-1
Justice Dingle,JR,LB,,justice-dingle-1
D'Eryk Jackson,SO,LB,,deryk-jackson-1
Jacquez Jones,SR,LB,,jacquez-jones-2
K.D. McDaniel,SO,LB,,kd-mcdaniel-1
William Nalty,SR,LB,,william-nalty-1
Chris Oats,JR,LB,,chris-oats-1
DeAndre Square,SR,LB,,deandre-square-1
Martez Thrower,FR,LB,,martez-thrower-1
Trevin Wallace,FR,LB,,trevin-wallace-1
J.J. Weaver,SO,LB,,jj-weaver-1
Jordan Wright,SR,LB,,jordan-wright-3
Jase Bruner,SO,LB,,jase-bruner-1
Braxton Eiserman,JR,LB,,braxton-eiserman-1
Luke Fulton,SO,LB,,luke-fulton-1
Cody Goatley,SO,LB,,cody-goatley-1
Austin Gough,FR,LB,,austin-gough-1
Darren Green,SO,LB,,darren-green-2
Shawn Lawson,SR,LB,,shawn-lawson-3
Conner Long,FR,LB,,conner-long-2
Zac Berezowitz,SR,DB,,zac-berezowitz-1
Yusuf Corker,SR,DB,,yusuf-corker-1
Taj Dodson,SO,DB,,taj-dodson-1
Cedrick Dort Jr.,SR,DB,,cedrick-dort-jr-1
Moses Douglass,SO,DB,,moses-douglass-1
Jalen Geiger,SO,DB,,jalen-geiger-1
Rickey Hyatt Jr.,FR,DB,,rickey-hyatt-jr-1
Zach Johnson,SR,DB,,zach-johnson-6
Jordan Lovett,FR,DB,,jordan-lovett-1
Quandre Mosely,SR,DB,,quandre-mosely-1
Andru Phillips,FR,DB,,andru-phillips-1
Davonte Robinson,SR,DB,,davonte-robinson-1
Carrington Valentine,SO,DB,,carrington-valentine-1
Joel Williams,SO,DB,,joel-williams-2
Ben Drake,JR,DB,,ben-drake-1
Maxwell Hairston,FR,DB,,maxwell-hairston-1
Adrian Huey,FR,DB,,adrian-huey-1
Wilson Berry,FR,P,,wilson-berry-1
Colin Goodfellow,SR,P,,colin-goodfellow-1
Abule Abadi-Fitzgerald,SR,DT,,abule-abadi-fitzgerald-1
Tyrell Ajian,SR,G,,tyrell-ajian-1
Sam Anaele,FR,DE,,sam-anaele-1
Austin Dotson,SR,G,,austin-dotson-1
Isaiah Gibson,SO,DE,,isaiah-gibson-1
Darian Kinnard,SR,T,,darian-kinnard-1
Marquan McCall,SR,NT,,marquan-mccall-1
Octavious Oxendine,SO,DT,,octavious-oxendine-1
Joshua Paschal,SR,DE,,joshua-paschal-1
Vito Tisdale,SO,S,,vito-tisdale-1
Reuben 'R.J' Adams,FR,G,,reuben-rj-adams-1
Alex Bascom,JR,DT,,alex-bascom-1
Richard Bascom,JR,DT,,richard-bascom-1
Deondre Buford,FR,T,,deondre-buford-1
Eli Cox,SO,G,,eli-cox-1
Cade Degraw,JR,LS,,cade-degraw-1
Jamarius Dinkins,FR,DT,,jamarius-dinkins-1
Luke Fortner,SR,G,,luke-fortner-1
Luke Fortner,SR,G,,luke-fortner-1
Collin Hartmann,SR,DE,,collin-hartmann-1
Kenneth Horsey,JR,G,,kenneth-horsey-1
Jordan Morrow,JR,LS,,jordan-morrow-1
Matthew Napier,SR,T,,matthew-napier-1
Clay Perry,SO,LS,,clay-perry-1
Jack Varga,JR,FB,,jack-varga-1
Naasir Watkins,SR,T,,naasir-watkins-1
Dillon Wheatley,SR,FB,,dillon-wheatley-1
Quintin Wilson,JR,C,,quintin-wilson-1
John Young,FR,T,,john-young-5