Player,Class,Pos,Summary,Player-additional
Trenton Bourguet,SR,QB,145 Cmp 203 Att 1490 Yds 11 TD,trenton-bourguet-1
Emory Jones,SR,QB,125 Cmp 199 Att 1533 Yds 7 TD,emory-jones-1
Paul Tyson,SR,QB,,paul-tyson-1
Max Clark,SO,QB,,max-clark-1
Finn Collins,SO,QB,,finn-collins-1
Daylin McLemore,JR,QB,,daylin-mclemore-1
Bennett Meredith,SO,QB,,bennett-meredith-1
Xazavian Valladay,SR,RB,215 Att 1192 Yds 5.5 Avg,xazavian-valladay-1
Daniyel Ngata,JR,RB,54 Att 272 Yds 5.0 Avg,daniyel-ngata-1
Tevin White,SO,RB,14 Att 67 Yds 4.8 Avg,tevin-white-1
George Hart III,JR,RB,3 Att 6 Yds 2.0 Avg,george-hart-iii-1
Bryce Douglass,SO,RB,,bryce-douglass-1
Deonce Elliott,SO,RB,,deonce-elliott-1
Elijhah Badger,JR,WR,70 Rec 866 Yds 12.4 Avg,elijhah-badger-1
Charles Hall,SR,WR,9 Rec 104 Yds 11.6 Avg,charles-hall-2
Giovanni Sanders,SR,WR,40 Rec 500 Yds 12.5 Avg,giovanni-sanders-1
Zeek Freeman,SR,WR,,zeek-freeman-1
Bryan Thompson,SR,WR,25 Rec 377 Yds 15.1 Avg,bryan-thompson-1
Andre Johnson,SR,WR,15 Rec 130 Yds 8.7 Avg,andre-johnson-4
Cam Johnson,SR,WR,10 Rec 84 Yds 8.4 Avg,cam-johnson-2
Chad Johnson Jr.,JR,WR,1 Rec 5 Yds 5.0 Avg,chad-johnson-jr-1
Shawn Charles,SR,WR,,shawn-charles-1
Javen Jacobs,SO,WR,,javen-jacobs-1
Coben Bourguet,SO,WR,,coben-bourguet-1
Josh Hart,JR,WR,,josh-hart-1
Cooper Wallace,SO,WR,,cooper-wallace-2
Max Ware,SO,WR,,max-ware-1
Patrick Williams II,SO,WR,,patrick-williams-ii-1
Isaac Yates,SO,WR,,isaac-yates-1
Jalin Conyers,JR,TE,38 Rec 422 Yds 11.1 Avg,jalin-conyers-1
Messiah Swinson,SR,TE,15 Rec 185 Yds 12.3 Avg,messiah-swinson-1
Jack Cole,SO,TE,,jack-cole-1
Ryan Morgan,JR,TE,,ryan-morgan-1
Bryce Pierre,SR,TE,,bryce-pierre-1
Colby Garvin,SO,TE,,colby-garvin-1
Austin Barry,SO,OL,,austin-barry-1
Emmit Bohle,SR,OL,,emmit-bohle-1
Ben Bray,JR,OL,,ben-bray-1
Ralph Frias,SR,OL,,ralph-frias-1
Isaia Glass,JR,OL,,isaia-glass-1
LaDarius Henderson,SR,OL,,ladarius-henderson-1
Des Holmes,SR,OL,,des-holmes-1
Thomas Le Boucher,SR,OL,,thomas-le-boucher-1
Chris Martinez,SR,OL,,chris-martinez-1
Joey Ramos,SR,OL,,joey-ramos-1
Ben Scott,SR,OL,,ben-scott-3
Kolbe Stuckwisch,JR,OL,,kolbe-stuckwisch-1
Danny Valenzuela,JR,OL,,danny-valenzuela-1
Armon Bethea,SO,OL,,armon-bethea-1
Matt Katergaris,SO,OL,,matt-katergaris-1
Matteo Ortiz,SR,OL,,matteo-ortiz-1
Carter Brown,SO,K,,carter-brown-1
Jace Feely,SO,K,,jace-feely-1
Robert Liss,JR,K,,robert-liss-2
Anthonie Cooper,SR,DL,,anthonie-cooper-1
B.J. Green II,JR,DL,,bj-green-ii-1
Dylan Hall,SR,DL,,dylan-hall-2
Robby Harrison,SO,DL,,robby-harrison-1
Nesta Jade Silvera,SR,DL,,nesta-jade-silvera-1
B'Ahmad Miller,SR,DL,,bahmad-miller-1
Joe Moore,JR,DL,,joe-moore-5
Travez Moore,SR,DL,,travez-moore-1
Omarr Norman-Lott,JR,DL,,omarr-norman-lott-1
T.J. Pesefea,SR,DL,,tj-pesefea-1
Matthew Pola-Mao,JR,DL,,matthew-pola-mao-1
Jalil Rivera-Harvey,SR,DL,,jalil-rivera-harvey-1
Gharin Stansbury,JR,DL,,gharin-stansbury-1
Blazen Lono-Wong,SO,DL,,blazen-lono-wong-1
Michael Matus,SR,DL,,michael-matus-1
Brandon McElroy,SR,DL,,brandon-mcelroy-1
Zach Bowers,JR,LB,,zach-bowers-2
James Djonkam,JR,LB,,james-djonkam-1
Jacob Jornadal,JR,LB,,jacob-jornadal-1
Caleb McCullough,JR,LB,,caleb-mccullough-1
Fritzny Niclasse,JR,LB,,fritzny-niclasse-1
Merlin Robertson,SR,LB,,merlin-robertson-1
Will Shaffer,JR,LB,,will-shaffer-1
Connor Soelle,SR,LB,,connor-soelle-1
Kyle Soelle,SR,LB,,kyle-soelle-1
Charlie Allen,SO,LB,,charlie-allen-1
Jared Behrens,SO,LB,,jared-behrens-2
Dylan Devito,SO,LB,,dylan-devito-1
Spencer McKelligon,SO,LB,,spencer-mckelligon-1
Khoury Bethley,SR,DB,,khoury-bethley-1
Jean Boyd III,JR,DB,,jean-boyd-iii-1
Jordan Clark,SR,DB,,jordan-clark-1
Timarcus Davis,SR,DB,,timarcus-davis-1
Chris Edmonds,SR,DB,,chris-edmonds-2
Alijah Gammage,SR,DB,,alijah-gammage-1
Willie Harts,SR,DB,,willie-harts-1
Isaiah Johnson,SO,DB,,isaiah-johnson-11
Conner Lewis,JR,DB,,conner-lewis-1
Tarik Luckett,SR,DB,,tarik-luckett-2
Kejuan Markham,SR,DB,,kejuan-markham-1
Keon Markham,SR,DB,,keon-markham-1
RJ Regan,JR,DB,,rj-regan-1
Alphonso Taylor,JR,DB,,alphonso-taylor-2
D.J. Taylor,JR,DB,,dj-taylor-3
Ro Torrence,JR,DB,,ro-torrence-1
Macen Williams,JR,DB,,macen-williams-1
Damon Williamson,SR,DB,,damon-williamson-1
Edward Woods,JR,DB,,edward-woods-1
Saadite Green Jr.,SO,DB,,saadite-green-jr-1
Donovan Johnson,SO,DB,,donovan-johnson-3
Eddie Czaplicki,JR,P,,eddie-czaplicki-1
Adam Babb,SO,P,,adam-babb-1
Race Mahlum,JR,P,,race-mahlum-1
Case Hatch,SR,FB,,case-hatch-1
John Ferlmann,SO,LS,,john-ferlmann-1
Gage King,JR,LS,,gage-king-1