Player,Class,Pos,Summary,Player-additional
Max Duggan,SR,QB,267 Cmp 419 Att 3698 Yds 32 TD,max-duggan-1
Chandler Morris,SO,QB,18 Cmp 27 Att 145 Yds 1 TD,chandler-morris-1
Sam Jackson,SO,QB,5 Cmp 5 Att 63 Yds 0 TD,sam-jackson-3
Josh Hoover,FR,QB,1 Cmp 1 Att 2 Yds 0 TD,josh-hoover-1
Luke Pardee,SO,QB,,luke-pardee-1
Jacob Porter,FR,QB,,jacob-porter-2
Kendre Miller,JR,RB,224 Att 1399 Yds 6.2 Avg,kendre-miller-1
Emari Demercado,SR,RB,121 Att 681 Yds 5.6 Avg,emari-demercado-1
Emani Bailey,JR,RB,31 Att 250 Yds 8.1 Avg,emani-bailey-1
Trent Battle,SO,RB,9 Att 38 Yds 4.2 Avg,trent-battle-1
Corey Wren,JR,RB,6 Att 34 Yds 5.7 Avg,corey-wren-1
Trevor Ailey,JR,RB,,trevor-ailey-1
Franklin Estrada,SO,RB,,franklin-estrada-1
Brant Ahlfinger,FR,RB,,brant-ahlfinger-1
Taye Barber,SR,WR,37 Rec 613 Yds 16.6 Avg,taye-barber-1
Quentin Johnston,JR,WR,60 Rec 1069 Yds 17.8 Avg,quentin-johnston-1
Derius Davis,SR,WR,42 Rec 531 Yds 12.6 Avg,derius-davis-1
Savion Williams,JR,WR,29 Rec 392 Yds 13.5 Avg,savion-williams-2
Jordan Hudson,SO,WR,14 Rec 174 Yds 12.4 Avg,jordan-hudson-1
Gunnar Henderson,SR,WR,11 Rec 223 Yds 20.3 Avg,gunnar-henderson-1
Blake Nowell,JR,WR,6 Rec 86 Yds 14.3 Avg,blake-nowell-1
Blair Conwright,SR,WR,5 Rec 63 Yds 12.6 Avg,blair-conwright-1
Quincy Brown,SO,WR,3 Rec 31 Yds 10.3 Avg,quincy-brown-1
Chase Jackson,SO,WR,2 Rec 7 Yds 3.5 Avg,chase-jackson-1
Chase Curtis,SR,WR,1 Rec 37 Yds 37.0 Avg,chase-curtis-1
Christopher Chosen,SO,WR,,christopher-chosen-1
Keagan Cunningham,SO,WR,,keagan-cunningham-1
Colton Dobson,SO,WR,,colton-dobson-1
Major Everhart,FR,WR,,major-everhart-1
Caleb Medford,SO,WR,,caleb-medford-1
DJ Allen,FR,WR,,dj-allen-1
Stayton Ankrom,FR,WR,,stayton-ankrom-1
Parker Clark,FR,WR,,parker-clark-1
Hunter Krepp,FR,WR,,hunter-krepp-1
Christian MacDonald,SO,WR,,christian-macdonald-1
Drew Scott,SR,WR,,drew-scott-2
Joe Staubach,FR,WR,,joe-staubach-1
Jared Wiley,SR,TE,24 Rec 245 Yds 10.2 Avg,jared-wiley-1
Geor'Quarius Spivey,SR,TE,11 Rec 136 Yds 12.4 Avg,georquarius-spivey-1
Dominic Dinunzio,JR,TE,,dominic-dinunzio-1
Alex Honig,FR,TE,,alex-honig-1
Brent Matiscik,JR,TE,,brent-matiscik-1
Curtis Raymond III,SR,TE,,curtis-raymond-iii-1
D'Andre Rogers,SO,TE,,dandre-rogers-1
Carter Ware,SR,TE,,carter-ware-1
Ben Reppenhagen,SO,TE,,ben-reppenhagen-1
Austin Scheets,SO,TE,,austin-scheets-1
Alan Ali,SR,OL,,alan-ali-1
Esteban Avila,SR,OL,,esteban-avila-1
Altrique Barlow,SO,OL,,altrique-barlow-1
Noah Bolticoff,FR,OL,,noah-bolticoff-1
Brannon Brown,JR,OL,,brannon-brown-1
Andrew Coker,JR,OL,,andrew-coker-1
Brandon Coleman,SR,OL,,brandon-coleman-5
Kris Dike,SR,OL,,kris-dike-1
Ezra Dotson-Oyetade,SO,OL,,ezra-dotson-oyetade-1
Wes Harris,SR,OL,,wes-harris-1
Garrett Hayes,JR,OL,,garrett-hayes-1
John Lanz,SR,OL,,john-lanz-1
Michael Nichols,JR,OL,,michael-nichols-1
Robby Rochester,SO,OL,,robby-rochester-1
Marcus Williams,JR,OL,,marcus-williams-17
Gannon Gaubert,FR,OL,,gannon-gaubert-1
Quinton Harris,SO,OL,,quinton-harris-2
Jasper Lott,SO,OL,,jasper-lott-1
Riley Self,SO,OL,,riley-self-1
Hudson White,SO,OL,,hudson-white-1
Griffin Kell,SR,K,,griffin-kell-1
Luke Laminack,SO,K,,luke-laminack-1
Easton Black,FR,K,,easton-black-1
James Koshakji,JR,K,,james-koshakji-1
Doug Blue-Eli,SO,DL,,doug-blue-eli-1
Terrell Cooper,SR,DL,,terrell-cooper-1
Luke Dodds,SO,DL,,luke-dodds-1
George Ellis III,SR,DL,,george-ellis-iii-1
Colt Ellison,SR,DL,,colt-ellison-1
Caleb Fox,SR,DL,,caleb-fox-1
Dylan Horton,SR,DL,,dylan-horton-1
Michael Ibukin-Okeyode,FR,DL,,michael-ibukin-okeyode-1
Connor Lingren,FR,DL,,connor-lingren-1
Soni Misi,SR,DL,,soni-misi-1
Tymon Mitchell,JR,DL,,tymon-mitchell-1
Paul Oyewale,FR,DL,,paul-oyewale-1
Lwal Uguak,SR,DL,,lwal-uguak-1
Landyn Watson,FR,DL,,landyn-watson-1
Damonic Williams,SO,DL,,damonic-williams-1
Blake Jones,FR,DL,,blake-jones-3
Thomas Armstrong,SR,LB,,thomas-armstrong-1
Blake Baldwin,SO,LB,,blake-baldwin-1
Shadrach Banks,JR,LB,,shadrach-banks-1
Jake Boozer,SO,LB,,jake-boozer-1
Marcel Brooks,JR,LB,,marcel-brooks-2
Wyatt Harris,SR,LB,,wyatt-harris-1
Jamoi Hodge,SR,LB,,jamoi-hodge-1
Johnny Hodges,JR,LB,,johnny-hodges-1
Matthew Kerr,SO,LB,,matthew-kerr-1
Luke Lingard,SO,LB,,luke-lingard-1
Zach Marcheselli,JR,LB,,zach-marcheselli-1
Palmer Nix,SR,LB,,palmer-nix-1
Namdi Obiazor,JR,LB,,namdi-obiazor-1
Ryan Quintanar,SO,LB,,ryan-quintanar-1
TJ Willson,FR,LB,,tj-willson-1
Dee Winters,SR,LB,,dee-winters-1
Terrence Cooks II,SO,LB,,terrence-cooks-ii-1
Luke Splaine,SO,LB,,luke-splaine-1
Jordy Sandy,SR,P,,jordy-sandy-1
Chace Biddle,SO,S,,chace-biddle-1
Nook Bradford,SR,S,,nook-bradford-1
Ishmael Burdine,JR,CB,,ishmael-burdine-1
Abraham Camara,JR,S,,abraham-camara-1
Kyron Chambers,SO,CB,,kyron-chambers-1
Bud Clark,SO,S,,bud-clark-1
Marvin Covington,FR,CB,,marvin-covington-1
Daveion Crawford,SR,S,,daveion-crawford-1
Noah Daniels,SR,CB,,noah-daniels-1
Josh Foster,SR,S,,josh-foster-1
Tre'vius Hodges-Tomlinson,SR,CB,,trevius-hodges-tomlinson-1
Keontae Jenkins,JR,CB,,keontae-jenkins-1
Joe Laterza,SO,LS,,joe-laterza-1
Deshawn McCuin,JR,S,,deshawn-mccuin-1
Jaionte McMillan,SO,CB,,jaionte-mcmillan-1
Josh Newton,SR,CB,,josh-newton-1
Zimbalist Odhams,SO,CB,,zimbalist-odhams-1
D'Arco Perkins-Mcallister,SO,S,,darco-perkins-mcallister-1
Mark Perry,SR,S,,mark-perry-3
Kee'yon Stewart,JR,CB,,keeyon-stewart-1
Kevin Ward,SO,S,,kevin-ward-6
Logan Frederic,FR,LS,,logan-frederic-1
Ronald Lewis,FR,CB,,ronald-lewis-3
Jack Stein,FR,LS,,jack-stein-1