Player,Class,Pos,Summary,Player-additional
Clayton Tune,SR,QB,334 Cmp 496 Att 4074 Yds 40 TD,clayton-tune-1
Lucas Coley,SO,QB,3 Cmp 3 Att 8 Yds 0 TD,lucas-coley-1
Roman Mula,SO,QB,,roman-mula-1
Holman Edwards,JR,QB,,holman-edwards-1
Jett Huff,SO,QB,,jett-huff-1
Ike Ogbogu,SR,QB,,ike-ogbogu-1
Brandon Campbell,SO,RB,90 Att 435 Yds 4.8 Avg,brandon-campbell-4
Ta'Zhawn Henry,SR,RB,88 Att 359 Yds 4.1 Avg,tazhawn-henry-1
Stacy Sneed,SO,RB,76 Att 501 Yds 6.6 Avg,stacy-sneed-1
Kelan Walker,SR,RB,3 Att 4 Yds 1.3 Avg,kelan-walker-1
James Fullbright III,JR,RB,,james-fullbright-iii-1
Alton McCaskill,JR,RB,,alton-mccaskill-1
Nathaniel Dell,SR,WR,109 Rec 1398 Yds 12.8 Avg,nathaniel-dell-1
Sam Brown,SO,WR,41 Rec 471 Yds 11.5 Avg,sam-brown-5
KeSean Carter,SR,WR,38 Rec 601 Yds 15.8 Avg,kesean-carter-1
Matthew Golden,SO,WR,38 Rec 584 Yds 15.4 Avg,matthew-golden-1
Joseph Manjack IV,JR,WR,15 Rec 158 Yds 10.5 Avg,joseph-manjack-iv-1
Peyton Sawyer,SR,WR,6 Rec 104 Yds 17.3 Avg,peyton-sawyer-1
C.J. Nelson,SO,WR,2 Rec 7 Yds 3.5 Avg,cj-nelson-1
Khiyon Wafer,SO,WR,1 Rec 6 Yds 6.0 Avg,khiyon-wafer-1
Cody Jackson,SO,WR,,cody-jackson-2
Ja'Kori Morgan,SR,WR,,jakori-morgan-1
Anthony Gangi,JR,WR,,anthony-gangi-1
CJ Guidry,SO,WR,,cj-guidry-1
Brice Johnson,JR,WR,,brice-johnson-1
Cash Walker,SO,WR,,cash-walker-1
Christian Trahan,SR,TE,23 Rec 237 Yds 10.3 Avg,christian-trahan-1
Matt Byrnes,SO,TE,4 Rec 50 Yds 12.5 Avg,matt-byrnes-1
Logan Compton,JR,TE,,logan-compton-1
Bryan Henry,SO,TE,,bryan-henry-1
Darson Herman,SO,TE,,darson-herman-1
Trent McGaughey,SO,TE,,trent-mcgaughey-1
Derek Bowman,SO,OL,,derek-bowman-2
Jack Freeman,SR,OL,,jack-freeman-1
Tank Jenkins,SR,OL,,tank-jenkins-1
Cam'ron Johnson,JR,OL,,camron-johnson-1
Tyler Johnson,JR,OL,,tyler-johnson-7
Ugonna Nnanna,JR,OL,,ugonna-nnanna-1
Patrick Paul,JR,OL,,patrick-paul-1
Lance Robinson,JR,OL,,lance-robinson-2
Trevonte Sylvester,SO,OL,,trevonte-sylvester-1
Chayse Todd,JR,OL,,chayse-todd-1
Reuben Unije,SR,OL,,reuben-unije-1
Joshua Atkins,SO,OL,,joshua-atkins-2
Almarion Crim,SO,OL,,almarion-crim-1
Demetrius Hunter,SO,OL,,demetrius-hunter-1
Karson Jones,SO,OL,,karson-jones-1
Tevin Shaw,SO,OL,,tevin-shaw-2
Carson Walker,SO,OL,,carson-walker-1
Bubba Baxa,SR,K,,bubba-baxa-1
Kyle Ramsey,JR,K,,kyle-ramsey-1
Trevor Helburg,SO,K,,trevor-helburg-1
Caleb Mendez,SO,K,,caleb-mendez-1
Hakeem Ajijolaiya,JR,DL,,hakeem-ajijolaiya-1
Latrell Bankston,SR,DL,,latrell-bankston-1
Justin Beadles,SO,DL,,justin-beadles-1
Atlias Bell,SR,DL,,atlias-bell-1
Jamaree Caldwell,SR,DL,,jamaree-caldwell-1
Nelson Ceaser,JR,DL,,nelson-ceaser-1
Anthony Holmes Jr.,SO,DL,,anthony-holmes-jr-1
D'Anthony Jones,SR,DL,,danthony-jones-1
Amipeleasi Langi Jr.,JR,DL,,amipeleasi-langi-jr-1
Jamykal Neal,SR,DL,,jamykal-neal-1
Chidozie Nwankwo,JR,DL,,chidozie-nwankwo-1
Derek Parish,SR,DL,,derek-parish-1
Zykeius Strong,JR,DL,,zykeius-strong-1
Nadame Tucker,SR,DL,,nadame-tucker-1
Sedrick Williams,SR,DL,,sedrick-williams-1
Ivan Autenreith,SO,DL,,ivan-autenreith-1
Garfield Lawrence,SO,DL,,garfield-lawrence-1
Rafal Szymanski,SO,DL,,rafal-szymanski-1
Cavan Tuley,SO,DL,,cavan-tuley-1
Trimarcus Cheeks,SR,LB,,trimarcus-cheeks-1
Jalen Garner,SO,LB,,jalen-garner-1
Jamal Morris,JR,LB,,jamal-morris-1
Donavan Mutin,SR,LB,,donavan-mutin-1
Ronald Nunnery,JR,LB,,ronald-nunnery-1
Perry Olsen,SR,LB,,perry-olsen-1
Treylin Payne,SO,LB,,treylin-payne-1
Malik Robinson,SR,LB,,malik-robinson-1
Ken Savanah,JR,LB,,ken-savanah-1
Aaron Willis,JR,LB,,aaron-willis-1
Oliver Jack,SO,LB,,oliver-jack-1
Blake Okoye,SO,LB,,blake-okoye-1
William White,SO,LB,,william-white-4
Abdul-Lateef Audu,SR,DB,,abdul-lateef-audu-1
Antonio Brooks,SR,DB,,antonio-brooks-1
Jalen Emery,SO,DB,,jalen-emery-1
Art Green,SR,DB,,art-green-1
Demarcus Griffin-Taylor,JR,DB,,demarcus-griffin-taylor-1
Noah Guzman,SR,DB,,noah-guzman-1
Alex Hogan,SR,DB,,alex-hogan-1
Hasaan Hypolite,SR,DB,,hasaan-hypolite-1
Gervarrius Owens,SR,DB,,gervarrius-owens-1
Jayce Rogers,SR,DB,,jayce-rogers-1
Garrison Vaughn,SR,DB,,garrison-vaughn-1
Mike Welch,SO,DB,,mike-welch-3
Dante Wynn,JR,DB,,dante-wynn-1
Theron Stroops,SO,DB,,theron-stroops-1
Mark Wilson,SO,DB,,mark-wilson-8
Laine Wilkins,JR,P,,laine-wilkins-1
Jackson Ray,SO,P,,jackson-ray-2
Davis Beal,JR,LS,,davis-beal-1
Jacob Garza,SO,LS,,jacob-garza-1
Gavin Gateley,SR,LS,,gavin-gateley-1
Thabo Mwaniki,SR,S,,thabo-mwaniki-1
Moses Alexander,JR,CB,,moses-alexander-1
Dorian Friend,SO,CB,,dorian-friend-1
Justice Ugo,JR,CB,,justice-ugo-1