Player,Class,Pos,Summary,Player-additional
Jason Bean,SR,QB,124 Cmp 199 Att 2130 Yds 18 TD,jason-bean-1
Jalon Daniels,JR,QB,56 Cmp 75 Att 705 Yds 5 TD,jalon-daniels-1
Cole Ballard,FR,QB,20 Cmp 36 Att 286 Yds 1 TD,cole-ballard-1
Ben Easters,SO,QB,,ben-easters-1
TJ Crews IV,FR,QB,,tj-crews-iv-1
Jack Jackson,SO,QB,,jack-jackson-5
Mikey Pauley,FR,QB,,mikey-pauley-1
Devin Neal,JR,RB,203 Att 1280 Yds 6.3 Avg,devin-neal-3
Daniel Hishaw Jr.,SO,RB,121 Att 626 Yds 5.2 Avg,daniel-hishaw-jr-1
Dylan McDuffie,SR,RB,45 Att 253 Yds 5.6 Avg,dylan-mcduffie-1
Sevion Morrison,JR,RB,10 Att 62 Yds 6.2 Avg,sevion-morrison-1
Billy Conaway,JR,RB,,billy-conaway-1
Carson Morgan,FR,RB,,carson-morgan-1
Jack Schneider,FR,RB,,jack-schneider-1
Johnny Thompson Jr.,FR,RB,,johnny-thompson-jr-1
Torry Locklin,JR,WR,4 Rec 40 Yds 10.0 Avg,torry-locklin-1
Quentin Skinner,JR,WR,29 Rec 587 Yds 20.2 Avg,quentin-skinner-2
Lawrence Arnold,JR,WR,44 Rec 782 Yds 17.8 Avg,lawrence-arnold-2
Luke Grimm,JR,WR,33 Rec 555 Yds 16.8 Avg,luke-grimm-1
Trevor Wilson,JR,WR,11 Rec 195 Yds 17.7 Avg,trevor-wilson-1
Douglas Emilien,SO,WR,6 Rec 61 Yds 10.2 Avg,douglas-emilien-1
Tanaka Scott,SO,WR,3 Rec 31 Yds 10.3 Avg,tanaka-scott-1
Keaton Kubecka,FR,WR,,keaton-kubecka-1
Mack Moeller,SO,WR,,mack-moeller-1
Surahz Buncom,FR,WR,,surahz-buncom-1
Quinton Conley,FR,WR,,quinton-conley-1
Isaiah Coppage,FR,WR,,isaiah-coppage-1
Hunter Luke,FR,WR,,hunter-luke-1
Isreal Moses,FR,WR,,isreal-moses-1
Jarred Sample,FR,WR,,jarred-sample-1
Reece Thomas,SO,WR,,reece-thomas-2
Mason Fairchild,SR,TE,27 Rec 451 Yds 16.7 Avg,mason-fairchild-1
Jared Casey,JR,TE,9 Rec 107 Yds 11.9 Avg,jared-casey-2
Trevor Kardell,JR,TE,6 Rec 69 Yds 11.5 Avg,trevor-kardell-1
Will Huggins,SO,TE,,will-huggins-2
Tevita Noa,SR,TE,,tevita-noa-1
Jaden Hamm,FR,TE,,jaden-hamm-1
Dillon Mong,FR,TE,,dillon-mong-1
Armaj Adams-Reed,SO,OL,,armaj-adams-reed-1
Kobe Baynes,SO,OL,,kobe-baynes-1
Logan Brown,JR,OL,,logan-brown-1
Bryce Cabeldue,JR,OL,,bryce-cabeldue-1
Calvin Clements,FR,OL,,calvin-clements-1
Deondre Doiron,SO,OL,,deondre-doiron-1
Michael Ford Jr.,JR,OL,,michael-ford-jr-1
Nolan Gorczyca,SO,OL,,nolan-gorczyca-1
Spencer Lovell,SR,OL,,spencer-lovell-1
Mike Novitsky,SR,OL,,mike-novitsky-1
Dominick Puni,SR,OL,,dominick-puni-1
Jake Eisenhauer,SO,OL,,jake-eisenhauer-1
Hank Kelly,SO,OL,,hank-kelly-1
James Livingston,FR,OL,,james-livingston-1
Danny Robinson,SO,OL,,danny-robinson-2
De'Kedrick Sterns,SO,OL,,dekedrick-sterns-1
Tabor Allen,JR,K,,tabor-allen-1
Seth Keller,SR,K,,seth-keller-1
Owen Piepergerdes,SO,K,,owen-piepergerdes-1
Charlie Weinrich,FR,K,,charlie-weinrich-1
Austin Booker,SO,DL,,austin-booker-1
Kenean Caldwell,SO,DL,,kenean-caldwell-1
Tommy Dunn Jr.,JR,DL,,tommy-dunn-jr-1
Gage Keys,SO,DL,,gage-keys-1
Devin Phillips,SR,DL,,devin-phillips-1
Caleb Taylor,JR,DL,,caleb-taylor-3
D.J. Withers,SO,DL,,dj-withers-1
Lance Bassett,FR,DL,,lance-bassett-1
Jaydon Brittingham,FR,DL,,jaydon-brittingham-1
Marcus Calvin,FR,DL,,marcus-calvin-1
Blake Herold,FR,DL,,blake-herold-1
Grady Seyfert,FR,DL,,grady-seyfert-1
Tony Terry,FR,DL,,tony-terry-1
Taiwan Berryhill,JR,LB,,taiwan-berryhill-1
Logan Brantley,FR,LB,,logan-brantley-1
JB Brown,JR,LB,,jb-brown-3
Krishawn Brown,SO,LB,,krishawn-brown-1
Dylan Downing,JR,LB,,dylan-downing-1
Tristian Fletcher,SO,LB,,tristian-fletcher-1
Donovan Gaines,SO,LB,,donovan-gaines-1
Jayson Gilliom,SO,LB,,jayson-gilliom-1
Rich Miller,SR,LB,,rich-miller-3
Alex Raich,JR,LB,,alex-raich-2
Cornell Wheeler,JR,LB,,cornell-wheeler-1
Cole Mondi,SO,LB,,cole-mondi-1
Ezra Vedral,FR,LB,,ezra-vedral-1
Kalon Gervin,SR,DB,,kalon-gervin-1
Damarius McGhee,SO,DB,,damarius-mcghee-1
Andrew Russell,SR,DB,,andrew-russell-1
Grayden Addison,SO,P,,grayden-addison-1
Damon Greaves,FR,P,,damon-greaves-1
Reis Vernon,JR,P,,reis-vernon-1
Dylan Brooks,SO,DE,,dylan-brooks-3
Cobee Bryant,JR,CB,,jacobee-bryant-1
O.J. Burroughs,JR,S,,oj-burroughs-1
Jameel Croft,FR,CB,,jameel-croft-1
Jacoby Davis,FR,CB,,jacoby-davis-1
Brian Dilworth,FR,CB,,brian-dilworth-1
Ra'Mello Dotson,JR,CB,,ramello-dotson-1
Emory Duggar,SO,LS,,emory-duggar-1
Jalen Dye,SO,S,,jalen-dye-1
Mason Ellis,FR,S,,mason-ellis-1
Marvin Grant,JR,S,,marvin-grant-1
Hayden Hatcher,SR,DE,,hayden-hatcher-1
Luke Hosford,JR,LS,,luke-hosford-1
Patrick Joyner,SR,DE,,patrick-joyner-1
Kwinton Lassiter,SR,CB,,kwinton-lassiter-1
Kenny Logan Jr.,SR,S,,kenny-logan-jr-1
Dean MIller,SO,DE,,dean-miller-1
Landon Nelson,SO,S,,landon-nelson-1
Cole Petrus,SO,DE,,cole-petrus-1
Kaleb Purdy,FR,S,,kaleb-purdy-1
Jereme Robinson,JR,DE,,jereme-robinson-1
Davion Westmoreland,SO,DE,,davion-westmoreland-1
Craig Young,SR,S,,craig-young-2
Taylor Davis,FR,S,,taylor-davis-2
Kael Farkes,FR,OG,,kael-farkes-1
Akili Hubbard,JR,S,,akili-hubbard-1
Ronald McGee,SR,DE,,ronald-mcgee-1